tag,depth,n_embd,reader,reader_layers,reader_gate,num_scaling_params,num_flops_per_token,num_iterations,total_batch_size,total_tokens,total_flops,final_val_bpb,min_val_bpb,final_gate,target_param_data_ratio
hv_d10_base,10,640,none,2,none,70123820,578029320,1605,524288,841482240,486401406979276800,0.8768720495258705,0.8768720495258705,,12.0
hv_d10_L2_g,10,640,wide,2,scalar,70123820,1226835720,1830,524288,959447040,1177083900120268800,0.8664620972605342,0.8664620972605342,0.39685970544815063,13.682242990654206
hv_d10_L4_g,10,640,wide,4,scalar,70123820,1875642120,2055,524288,1077411840,2020839027690700800,0.8570090700531037,0.8570090700531037,0.3492083251476288,15.36448598130841
hv_d10_L8_g,10,640,wide,8,scalar,70123820,3173254920,2505,524288,1313341440,4167567186119884800,0.843083758821359,0.843083758821359,0.3921332061290741,18.72897196261682
hv_d10_L10_g,10,640,wide,10,scalar,70123820,3822061320,2730,524288,1431306240,5470540216978636800,0.8375928920102325,0.8375928920102325,0.39932122826576233,20.411214953271028
hv_d12_base,12,768,none,2,none,110100912,887097888,2520,524288,1321205760,1172038839309434880,0.8307072723713804,0.8307072723713804,,12.0
hv_d14_base,14,896,none,2,none,164233804,1293684168,3759,524288,1970798592,2549590936787091456,0.7967236598237708,0.7967236598237708,,12.0
hv_d16_base,16,1024,none,2,none,234881792,1811943936,5376,524288,2818572288,5107094965419245568,0.7737292348257351,0.7737292348257351,,12.0
