step,baseline_val_bpb,reader_val_bpb
0,3.154606,3.154453
100,1.464862,1.508028
200,1.177462,1.219482
300,1.080441,1.144008
400,1.041955,1.103625
500,1.012459,1.073562
600,0.992495,1.053798
700,0.973509,1.035507
800,0.957689,1.018338
900,0.943067,1.003844
1000,0.930234,0.990829
1100,0.918642,0.977931
1200,0.908031,0.966302
1300,0.898061,0.955824
1400,0.889644,0.946411
1500,0.882329,0.938585
1600,0.877174,0.93275
1605,0.877019,0.932574
