step,val_bpb
0,3.154605
100,1.429087
200,1.174458
300,1.112696
400,1.078724
500,1.050741
600,1.027422
700,1.004034
800,0.986470
900,0.970677
1000,0.955925
1100,0.943150
1200,0.931328
1300,0.920943
1400,0.911379
1500,0.903713
1600,0.898193
1605,0.898032
