step,val_bpb
0,3.154605
100,1.417282
200,1.142844
300,1.068976
400,1.023801
500,0.981679
600,0.953708
700,0.934679
756,0.928049
