step,val_bpb
0,3.155276
100,1.444000
200,1.268308
300,1.168149
400,1.125295
500,1.094242
600,1.071710
700,1.046040
800,1.027040
900,1.008377
1000,0.992804
1100,0.979023
1200,0.966210
1300,0.953922
1400,0.943486
1500,0.934859
1600,0.928561
1605,0.928318
