step,val_bpb
0,3.153082
100,1.433883
200,1.153469
300,1.085475
400,1.442981
500,1.043505
600,1.015856
700,0.990442
800,0.970123
900,0.952726
1000,0.937903
1100,0.924243
1200,0.911598
1300,0.900747
1400,0.891131
1500,0.883242
1600,0.877346
1605,0.877113
